Timestamp,IP Address,Port
2025-04-08 14:35:46.035374,10.5.66.187,56397
2025-04-08 14:35:46.039374,10.5.66.187,56398
2025-04-08 14:35:46.039374,10.5.66.187,56399
2025-04-08 14:35:47.084778,10.5.66.187,56400
2025-04-08 14:35:47.085781,10.5.66.187,56401
2025-04-08 14:35:52.109341,10.5.66.187,56402
2025-04-08 14:35:52.111363,10.5.66.187,56403
2025-04-08 14:41:28,172.20.10.2,80
2025-04-08 14:41:29,172.20.10.2,80
2025-04-08 14:41:29,172.20.10.2,80
2025-04-08 16:47:19,192.168.13.93,80
2025-04-08 16:47:20,192.168.13.93,80
2025-04-08 16:47:20,192.168.13.93,80
2025-04-08 16:47:42,192.168.13.93,24
2025-04-08 16:47:42,192.168.13.93,24
2025-04-08 16:47:48,192.168.13.93,80
2025-04-08 16:47:48,192.168.13.93,80
2025-04-08 16:47:48,192.168.13.93,80
2025-04-08 16:50:53,192.168.13.129,80
2025-04-08 16:50:53,192.168.13.129,80
2025-04-08 16:53:08,192.168.13.93,80
2025-04-08 16:53:08,192.168.13.93,80
2025-04-08 17:09:18,192.168.13.129,80
2025-04-08 17:09:18,192.168.13.129,80
2025-04-08 17:09:21,192.168.13.129,80
2025-04-08 17:09:22,192.168.13.129,80
2025-04-08 17:09:39,192.168.13.93,80
2025-04-08 17:09:39,192.168.13.93,80
2025-04-08 17:10:54,192.168.13.93,80
2025-04-08 17:10:54,192.168.13.93,80
2025-04-08 17:19:10,192.168.13.93,80
2025-04-08 17:19:10,192.168.13.93,80
2025-04-08 17:19:10,192.168.13.93,80
2025-04-09 00:06:09,172.20.10.1,80
2025-04-09 00:09:09,172.20.10.13,80
2025-04-09 00:09:09,172.20.10.13,80
2025-04-09 00:09:25,172.20.10.13,90
2025-04-09 00:09:25,172.20.10.13,90
2025-04-09 15:41:49,127.0.0.1,80
2025-04-09 15:41:49,127.0.0.1,80
2025-04-09 15:41:50,127.0.0.1,80
2025-04-09 15:59:25,127.0.0.1,80
2025-04-09 15:59:25,127.0.0.1,80
2025-04-09 15:59:25,127.0.0.1,80
2025-04-09 16:00:10,127.0.0.1,80
2025-04-09 16:00:10,127.0.0.1,80
2025-04-09 16:00:10,127.0.0.1,80
2025-04-09 16:00:11,127.0.0.1,80
2025-04-09 16:00:12,127.0.0.1,80
2025-04-09 16:00:47,10.5.66.187,80
2025-04-09 16:00:47,10.5.66.187,80
2025-04-09 16:00:48,10.5.66.187,80
2025-04-09 16:00:52,10.5.66.187,1000
2025-04-09 16:00:52,10.5.66.187,1000
2025-04-09 16:00:55,10.5.66.187,1000
2025-04-09 16:11:23,10.5.66.187,80
2025-04-09 16:11:23,10.5.66.187,80
2025-04-09 16:22:55,10.5.66.187,80
2025-04-09 16:22:55,10.5.66.187,80
2025-04-09 16:28:22,10.5.66.187,80
2025-04-09 16:28:22,10.5.66.187,80
2025-04-09 16:28:23,10.5.66.187,80
2025-04-09 16:28:23,10.5.66.187,80
2025-04-09 16:28:23,10.5.66.187,80
2025-04-09 16:28:24,10.5.66.187,80
2025-04-09 16:28:24,10.5.66.187,80
2025-04-09 16:28:24,10.5.66.187,80
2025-04-09 16:29:08,10.5.66.187,80
2025-04-09 16:29:32,10.5.66.187,80
2025-04-09 16:29:40,10.5.66.187,80
2025-04-09 16:29:40,10.5.66.187,80
2025-04-09 16:29:40,10.5.66.187,80
2025-04-09 16:42:37,10.5.66.187,80
2025-04-09 16:42:38,10.5.66.187,80
2025-04-09 16:42:38,10.5.66.187,80
2025-04-09 16:42:43,10.5.66.187,80
2025-04-09 16:42:44,10.5.66.187,80
2025-04-09 16:42:44,10.5.66.187,80
2025-04-09 16:42:45,10.5.66.187,80
2025-04-09 16:42:45,10.5.66.187,80
2025-04-09 16:42:45,10.5.66.187,80
2025-04-09 16:42:46,10.5.66.187,80
2025-04-09 16:42:51,10.5.66.187,80
2025-04-09 16:42:51,10.5.66.187,80
2025-04-09 16:42:52,10.5.66.187,80
2025-04-09 16:43:02,10.5.66.187,80
2025-04-09 16:43:02,10.5.66.187,80
2025-04-09 16:43:02,10.5.66.187,80
2025-04-09 16:43:29,10.5.66.187,80
2025-04-09 16:43:31,10.5.66.187,80
2025-04-09 16:43:31,10.5.66.187,80
2025-04-09 16:43:31,10.5.66.187,80
2025-04-09 16:43:32,10.5.66.187,80
2025-04-09 16:43:34,10.5.66.187,80
2025-04-09 16:43:34,10.5.66.187,80
2025-04-09 16:43:34,10.5.66.187,80
2025-04-09 16:43:34,10.5.66.187,80
2025-04-09 16:43:34,10.5.66.187,80
2025-04-09 16:43:34,10.5.66.187,80
2025-04-09 16:43:35,10.5.66.187,80
2025-04-09 16:44:08,10.5.66.187,80
2025-04-09 16:44:08,10.5.66.187,80
2025-04-09 16:44:09,10.5.66.187,80
2025-04-09 16:44:09,10.5.66.187,80
2025-04-09 16:44:14,10.5.66.187,80
2025-04-09 16:44:14,10.5.66.187,80
2025-04-09 16:46:52,10.5.66.187,80
2025-04-09 16:46:52,10.5.66.187,80
2025-04-09 16:46:53,10.5.66.187,80
2025-04-09 16:46:53,10.5.66.187,80
2025-04-09 16:46:54,10.5.66.187,80
2025-04-09 16:46:55,10.5.66.187,80
2025-04-09 16:46:55,10.5.66.187,80
2025-04-09 16:47:31,10.5.66.187,80
2025-04-09 16:47:31,10.5.66.187,80
2025-04-09 16:47:32,10.5.66.187,80
2025-04-09 16:47:32,10.5.66.187,80
2025-04-09 18:05:57,127.0.0.1,80
2025-04-09 18:05:57,127.0.0.1,80
2025-04-09 18:05:58,127.0.0.1,80
2025-04-09 18:09:37,127.0.0.1,80
2025-04-09 18:09:37,127.0.0.1,80
2025-04-09 18:09:38,127.0.0.1,80
2025-04-09 18:32:15,127.0.0.1,80
2025-04-09 18:32:16,127.0.0.1,80
2025-04-09 18:32:17,127.0.0.1,80
2025-04-09 18:32:17,127.0.0.1,80
2025-04-09 18:32:17,127.0.0.1,80
2025-04-09 18:37:40,127.0.0.1,80
2025-04-09 18:37:41,127.0.0.1,80
2025-04-09 18:37:41,127.0.0.1,80
2025-04-09 15:30:00,192.168.1.50,22

2025-04-09 18:46:06,127.0.0.1,80
2025-04-09 18:46:06,127.0.0.1,80
2025-04-09 18:46:06,127.0.0.1,80
2025-04-09 18:48:54,127.0.0.1,80
2025-04-09 18:48:54,127.0.0.1,80
2025-04-09 18:48:55,127.0.0.1,80
2025-04-09 18:51:37,127.0.0.1,80
2025-04-09 18:51:37,127.0.0.1,80
2025-04-09 18:51:38,127.0.0.1,80
2025-04-09 20:53:30,127.0.0.1,80
2025-04-09 20:53:30,127.0.0.1,80
2025-04-09 20:53:30,127.0.0.1,80
