Timestamp,IP Address,Port
2025-04-08 14:35:46.035374,10.5.66.187,56397
2025-04-08 14:35:46.039374,10.5.66.187,56398
2025-04-08 14:35:46.039374,10.5.66.187,56399
2025-04-08 14:35:47.084778,10.5.66.187,56400
2025-04-08 14:35:47.085781,10.5.66.187,56401
2025-04-08 14:35:52.109341,10.5.66.187,56402
2025-04-08 14:35:52.111363,10.5.66.187,56403
2025-04-08 14:41:28.000000,172.20.10.2,80
2025-04-08 14:41:29.000000,172.20.10.2,80
2025-04-08 16:47:19.000000,192.168.13.93,80
2025-04-08 16:47:20.000000,192.168.13.93,80
2025-04-08 16:47:42.000000,192.168.13.93,24
2025-04-08 16:47:48.000000,192.168.13.93,80
2025-04-08 16:50:53.000000,192.168.13.129,80
2025-04-08 16:53:08.000000,192.168.13.93,80
2025-04-08 17:09:18.000000,192.168.13.129,80
2025-04-08 17:09:21.000000,192.168.13.129,80
2025-04-08 17:09:22.000000,192.168.13.129,80
2025-04-08 17:09:39.000000,192.168.13.93,80
2025-04-08 17:10:54.000000,192.168.13.93,80
2025-04-08 17:19:10.000000,192.168.13.93,80
2025-04-09 00:06:09.000000,172.20.10.1,80
2025-04-09 00:09:09.000000,172.20.10.13,80
2025-04-09 00:09:25.000000,172.20.10.13,90
2025-04-09 15:30:00.000000,192.168.1.50,22
2025-04-09 15:41:49.000000,127.0.0.1,80
2025-04-09 15:41:50.000000,127.0.0.1,80
2025-04-09 15:59:25.000000,127.0.0.1,80
2025-04-09 16:00:10.000000,127.0.0.1,80
2025-04-09 16:00:11.000000,127.0.0.1,80
2025-04-09 16:00:12.000000,127.0.0.1,80
2025-04-09 16:00:47.000000,10.5.66.187,80
2025-04-09 16:00:48.000000,10.5.66.187,80
2025-04-09 16:00:52.000000,10.5.66.187,1000
2025-04-09 16:00:55.000000,10.5.66.187,1000
2025-04-09 16:11:23.000000,10.5.66.187,80
2025-04-09 16:22:55.000000,10.5.66.187,80
2025-04-09 16:28:22.000000,10.5.66.187,80
2025-04-09 16:28:23.000000,10.5.66.187,80
2025-04-09 16:28:24.000000,10.5.66.187,80
2025-04-09 16:29:08.000000,10.5.66.187,80
2025-04-09 16:29:32.000000,10.5.66.187,80
2025-04-09 16:29:40.000000,10.5.66.187,80
2025-04-09 16:42:37.000000,10.5.66.187,80
2025-04-09 16:42:38.000000,10.5.66.187,80
2025-04-09 16:42:43.000000,10.5.66.187,80
2025-04-09 16:42:44.000000,10.5.66.187,80
2025-04-09 16:42:45.000000,10.5.66.187,80
2025-04-09 16:42:46.000000,10.5.66.187,80
2025-04-09 16:42:51.000000,10.5.66.187,80
2025-04-09 16:42:52.000000,10.5.66.187,80
2025-04-09 16:43:02.000000,10.5.66.187,80
2025-04-09 16:43:29.000000,10.5.66.187,80
2025-04-09 16:43:31.000000,10.5.66.187,80
2025-04-09 16:43:32.000000,10.5.66.187,80
2025-04-09 16:43:34.000000,10.5.66.187,80
2025-04-09 16:43:35.000000,10.5.66.187,80
2025-04-09 16:44:08.000000,10.5.66.187,80
2025-04-09 16:44:09.000000,10.5.66.187,80
2025-04-09 16:44:14.000000,10.5.66.187,80
2025-04-09 16:46:52.000000,10.5.66.187,80
2025-04-09 16:46:53.000000,10.5.66.187,80
2025-04-09 16:46:54.000000,10.5.66.187,80
2025-04-09 16:46:55.000000,10.5.66.187,80
2025-04-09 16:47:31.000000,10.5.66.187,80
2025-04-09 16:47:32.000000,10.5.66.187,80
2025-04-09 18:05:57.000000,127.0.0.1,80
2025-04-09 18:05:58.000000,127.0.0.1,80
2025-04-09 18:09:37.000000,127.0.0.1,80
2025-04-09 18:09:38.000000,127.0.0.1,80
2025-04-09 18:32:15.000000,127.0.0.1,80
2025-04-09 18:32:16.000000,127.0.0.1,80
2025-04-09 18:32:17.000000,127.0.0.1,80
2025-04-09 18:37:40.000000,127.0.0.1,80
2025-04-09 18:37:41.000000,127.0.0.1,80
2025-04-09 18:46:06.000000,127.0.0.1,80
2025-04-09 18:48:54.000000,127.0.0.1,80
2025-04-09 18:48:55.000000,127.0.0.1,80
2025-04-09 18:51:37.000000,127.0.0.1,80
2025-04-09 18:51:38.000000,127.0.0.1,80
